{
  "schema_version": 1,
  "generated_at_utc": "2026-05-06T22:09:00.704864+00:00",
  "moorpy_commit": "1fb29f8eca2618543b2df7056adfdfce0265737b",
  "ancoplat_phase": "Sprint 4 / Tier C",
  "comment": "Baseline MoorPy Subsystem para AHV Tier C. 8 cenários (6 grounded + 2 uplift). Materiais canônicos R4 chain 76mm + IWRCEIPS wire 76mm. Output usado pelo test_ahv_tier_c_vs_moorpy.py com gate rtol < 1e-2.",
  "cases": [
    {
      "id": "BC-AHV-MOORPY-01",
      "mode": "backing-down",
      "description": "Backing Down taut elástico — L≈chord, T_anchor>0.",
      "inputs": {
        "h": 100.0,
        "endpoint_depth": 100.0,
        "X_AHV": 800.0,
        "deck_z": 5.0,
        "L_moor": 802.0,
        "L_ww": 100.0,
        "mooring": {
          "name": "mooring_wire_IWRCEIPS_76mm",
          "d_nom": 0.076,
          "d_vol": 0.076,
          "m": 22.0,
          "w": 170.0,
          "EA": 550000000.0,
          "MBL": 6500000.0,
          "material": "wire",
          "cost": 0.0,
          "input_d": 76.0,
          "input_type": "wire"
        },
        "work_wire": {
          "name": "work_wire_IWRCEIPS_76mm",
          "d_nom": 0.076,
          "d_vol": 0.076,
          "m": 22.0,
          "w": 170.0,
          "EA": 550000000.0,
          "MBL": 6500000.0,
          "material": "wire",
          "cost": 0.0,
          "input_d": 76.0,
          "input_type": "wire"
        }
      },
      "moorpy": {
        "T_anchor": 118.35132601215886,
        "T_pega_moor": 974.513409347382,
        "T_pega_ww": 974.5134376682008,
        "T_AHV": 22321.46874584226,
        "lay_length_moor": 796.3168451042014,
        "fA_moor": [
          118.35132601215886,
          0.0,
          0.0
        ],
        "fB_moor": [
          -118.35132601215886,
          0.0,
          -967.3000303055003
        ],
        "fA_ww": [
          118.35132673257239,
          0.0,
          967.3000587493698
        ],
        "fB_ww": [
          -118.35132673257239,
          0.0,
          -22321.154986583322
        ],
        "H_continuity_residual": 7.204135243910059e-07
      },
      "status": "converged"
    },
    {
      "id": "BC-AHV-MOORPY-02",
      "mode": "backing-down",
      "description": "Backing Down águas profundas taut elástico.",
      "inputs": {
        "h": 200.0,
        "endpoint_depth": 200.0,
        "X_AHV": 1500.0,
        "deck_z": 8.0,
        "L_moor": 1520.0,
        "L_ww": 150.0,
        "mooring": {
          "name": "mooring_wire_IWRCEIPS_76mm",
          "d_nom": 0.076,
          "d_vol": 0.076,
          "m": 22.0,
          "w": 170.0,
          "EA": 550000000.0,
          "MBL": 6500000.0,
          "material": "wire",
          "cost": 0.0,
          "input_d": 76.0,
          "input_type": "wire"
        },
        "work_wire": {
          "name": "work_wire_IWRCEIPS_76mm",
          "d_nom": 0.076,
          "d_vol": 0.076,
          "m": 22.0,
          "w": 170.0,
          "EA": 550000000.0,
          "MBL": 6500000.0,
          "material": "wire",
          "cost": 0.0,
          "input_d": 76.0,
          "input_type": "wire"
        }
      },
      "moorpy": {
        "T_anchor": 2911.604239515398,
        "T_pega_moor": 12970.407299505963,
        "T_pega_ww": 12970.407298755914,
        "T_AHV": 44739.610908565504,
        "lay_length_moor": 1445.7401277348256,
        "fA_moor": [
          2911.604239515398,
          0.0,
          0.0
        ],
        "fB_moor": [
          -2911.604239515398,
          0.0,
          -12639.383935442167
        ],
        "fA_ww": [
          2911.6042391865835,
          0.0,
          12639.38393474822
        ],
        "fB_ww": [
          -2911.6042391865835,
          0.0,
          -44644.76839456314
        ],
        "H_continuity_residual": -3.288146217528265e-07
      },
      "status": "converged"
    },
    {
      "id": "BC-AHV-MOORPY-03",
      "mode": "hookup",
      "description": "Hookup conexão inicial — linha frouxa, bollard baixo.",
      "inputs": {
        "h": 100.0,
        "endpoint_depth": 100.0,
        "X_AHV": 600.0,
        "deck_z": 5.0,
        "L_moor": 800.0,
        "L_ww": 80.0,
        "mooring": {
          "name": "mooring_wire_IWRCEIPS_76mm",
          "d_nom": 0.076,
          "d_vol": 0.076,
          "m": 22.0,
          "w": 170.0,
          "EA": 550000000.0,
          "MBL": 6500000.0,
          "material": "wire",
          "cost": 0.0,
          "input_d": 76.0,
          "input_type": "wire"
        },
        "work_wire": {
          "name": "work_wire_IWRCEIPS_76mm",
          "d_nom": 0.076,
          "d_vol": 0.076,
          "m": 22.0,
          "w": 170.0,
          "EA": 550000000.0,
          "MBL": 6500000.0,
          "material": "wire",
          "cost": 0.0,
          "input_d": 76.0,
          "input_type": "wire"
        }
      },
      "moorpy": {
        "T_anchor": 0.0,
        "T_pega_moor": 4254.786374001166,
        "T_pega_ww": 4254.786376112207,
        "T_AHV": 21292.31548636941,
        "lay_length_moor": 775.0019546630792,
        "fA_moor": [
          0.0,
          0.0,
          0.0
        ],
        "fB_moor": [
          0.0,
          0.0,
          -4254.786374001166
        ],
        "fA_ww": [
          0.0,
          0.0,
          4254.786376112207
        ],
        "fB_ww": [
          0.0,
          0.0,
          -21292.31548636941
        ],
        "H_continuity_residual": 0.0
      },
      "status": "converged"
    },
    {
      "id": "BC-AHV-MOORPY-04",
      "mode": "hookup",
      "description": "Hookup intermediário — folga 20%.",
      "inputs": {
        "h": 150.0,
        "endpoint_depth": 150.0,
        "X_AHV": 900.0,
        "deck_z": 6.0,
        "L_moor": 1100.0,
        "L_ww": 120.0,
        "mooring": {
          "name": "mooring_wire_IWRCEIPS_76mm",
          "d_nom": 0.076,
          "d_vol": 0.076,
          "m": 22.0,
          "w": 170.0,
          "EA": 550000000.0,
          "MBL": 6500000.0,
          "material": "wire",
          "cost": 0.0,
          "input_d": 76.0,
          "input_type": "wire"
        },
        "work_wire": {
          "name": "work_wire_IWRCEIPS_76mm",
          "d_nom": 0.076,
          "d_vol": 0.076,
          "m": 22.0,
          "w": 170.0,
          "EA": 550000000.0,
          "MBL": 6500000.0,
          "material": "wire",
          "cost": 0.0,
          "input_d": 76.0,
          "input_type": "wire"
        }
      },
      "moorpy": {
        "T_anchor": 0.0,
        "T_pega_moor": 6126.634022573558,
        "T_pega_ww": 6126.634028162196,
        "T_AHV": 31751.352028346,
        "lay_length_moor": 1064.0043326276354,
        "fA_moor": [
          0.0,
          0.0,
          0.0
        ],
        "fB_moor": [
          0.0,
          0.0,
          -6126.634022573558
        ],
        "fA_ww": [
          0.0,
          0.0,
          6126.634028162196
        ],
        "fB_ww": [
          0.0,
          0.0,
          -31751.352028346
        ],
        "H_continuity_residual": 0.0
      },
      "status": "converged"
    },
    {
      "id": "BC-AHV-MOORPY-05",
      "mode": "load-transfer",
      "description": "Load Transfer transição — folga 12%.",
      "inputs": {
        "h": 200.0,
        "endpoint_depth": 200.0,
        "X_AHV": 1300.0,
        "deck_z": 8.0,
        "L_moor": 1480.0,
        "L_ww": 200.0,
        "mooring": {
          "name": "mooring_wire_IWRCEIPS_76mm",
          "d_nom": 0.076,
          "d_vol": 0.076,
          "m": 22.0,
          "w": 170.0,
          "EA": 550000000.0,
          "MBL": 6500000.0,
          "material": "wire",
          "cost": 0.0,
          "input_d": 76.0,
          "input_type": "wire"
        },
        "work_wire": {
          "name": "work_wire_IWRCEIPS_76mm",
          "d_nom": 0.076,
          "d_vol": 0.076,
          "m": 22.0,
          "w": 170.0,
          "EA": 550000000.0,
          "MBL": 6500000.0,